<?xml version='1.0' encoding='utf-8'?>
<!DOCTYPE hibernate-configuration PUBLIC
        "-//Hibernate/Hibernate Configuration DTD//EN"
        "http://www.hibernate.org/dtd/hibernate-configuration-3.0.dtd">
<hibernate-configuration>
    <session-factory>

        <property name="show_sql">true</property>
        <property name="format_sql">true</property>
        <property name="foreign_key">true</property>
        <property name="org.foreign_key">true</property>
        <!--C:/Users/Simo/Desktop/Skola/10.semestr/WA2/Semestralka/DB/spravaZap.db-->
        <property name="connection.url">jdbc:sqlite:C:/wa2/db/zpravy.db</property>
        <property name="connection.driver_class">org.sqlite.JDBC</property>
        <property name="dialect">org.hibernate.dialect.SQLiteDialect</property>

        <property name="connection.username"/>
        <property name="connection.password"/>
        <!-- DB schema will be updated if needed -->
        <property name="hibernate.hbm2ddl.auto">create</property>

        <mapping class="wa2.entities.Category"/>
        <mapping class="wa2.entities.Event"/>
        <mapping class="wa2.entities.User"/>
        <mapping class="wa2.entities.Message"/>
        <mapping class="wa2.tomcatEntity.User_role"/>
        
        
    </session-factory>
</hibernate-configuration>